Workbook

Sheet Nhat ky theo doi
A1: STT | B1: Ngày | C1: Kênh | D1: Từ khóa / Nhóm | E1: Nội dung đề cập (tóm tắt) | F1: Link | G1: Cảm xúc | H1: Chủ đề | I1: Cần xử lý? | J1: Đã xử lý? | K1: Tương tác (like/comment/view) | L1: Ghi chú
A2: =IF(E2="","",ROW()-1) | B2: 46310 | C2: Facebook | D2: Fanpage | E2: Comment dưới bài QC đa tròng (đăng 30/9): hỏi có kính lão 1,2 độ không | F2: https://business.facebook.com/latest/inbox/facebook?asset_id=190065937527579&thread_type=FB_PAGE_POST&selected_item_id=1346020201932141 | G2: Trung tính | H2: Mẫu mã | I2: Có | J2: Có | K2: 1 cảm xúc | L2: Ngày ≈ ("8 giờ"). Trang trả lời câu mẫu "đã inbox"
A3: =IF(E3="","",ROW()-1) | B3: 46309 | C3: Facebook | D3: Fanpage | E3: Bài "Deal xinh rộn ràng" (3/10): khách hỏi ưu đãi giảm 200K cho khách mới; kể hôm qua đến cửa hàng nhân viên nói đã hết chương trình | F3: https://business.facebook.com/latest/inbox/facebook?asset_id=190065937527579&thread_type=FB_PAGE_POST&selected_item_id=1357437214123773 | G3: Tiêu cực | H3: Khuyến mãi | I3: Có | J3: Chưa | K3: 1 cảm xúc | L3: Ngày ≈. Trang chỉ trả lời câu mẫu, chưa nhắc đến phàn nàn
A4: =IF(E4="","",ROW()-1) | B4: 46309 | C4: Facebook | D4: Fanpage | E4: Bài "Con tăng độ cận" (29/9): hỏi giá | F4: https://business.facebook.com/latest/inbox/facebook?asset_id=190065937527579&thread_type=FB_PAGE_POST&selected_item_id=1358110050723156 | G4: Trung tính | H4: Giá | I4: Có | J4: Có | K4: 1 | L4: Ngày ≈ ("23 giờ"). Câu mẫu "đã inbox"
A5: =IF(E5="","",ROW()-1) | B5: 46309 | C5: Facebook | D5: Fanpage | E5: Bài "Con mới 3 tuổi…" (22/8): muốn được tư vấn | F5: https://business.facebook.com/latest/inbox/facebook?asset_id=190065937527579&thread_type=FB_PAGE_POST&selected_item_id=1316935531507275 | G5: Trung tính | H5: Dịch vụ | I5: Có | J5: Có | K5: 1 | L5: Ngày ≈. Câu mẫu "đã inbox"
A6: =IF(E6="","",ROW()-1) | B6: 46304 | C6: Facebook | D6: Fanpage | E6: Bài QC tròng lọc ánh sáng xanh (29/8): xin giá | F6: https://business.facebook.com/latest/inbox/facebook?asset_id=190065937527579&thread_type=FB_PAGE_POST&selected_item_id=1314258838441611 | G6: Trung tính | H6: Giá | I6: Có | J6: Chưa | K6: 1 | L6: Ngày ≈ ("6 ngày"). Chưa thấy trang trả lời trực tiếp
A7: =IF(E7="","",ROW()-1) | B7: 46304 | C7: Facebook | D7: Fanpage | E7: Bài "Ra đường phải nheo mắt" (30/9): xin giá | F7: https://business.facebook.com/latest/inbox/facebook?asset_id=190065937527579&thread_type=FB_PAGE_POST&selected_item_id=1343448765522618 | G7: Trung tính | H7: Giá | I7: Có | J7: Có | K7: 1 | L7: Ngày ≈. Câu mẫu "đã inbox"
A8: =IF(E8="","",ROW()-1) | B8: 46304 | C8: Facebook | D8: Fanpage | E8: Ảnh trong bài 6/10: xin giá mẫu gọng | F8: https://business.facebook.com/latest/inbox/facebook?asset_id=190065937527579&thread_type=FB_PAGE_POST&selected_item_id=1349680864899408 | G8: Trung tính | H8: Giá | I8: Có | J8: Có | K8: 1 | L8: Ngày ≈. Đã báo giá 350K
A9: =IF(E9="","",ROW()-1) | B9: 46303 | C9: Facebook | D9: Fanpage | E9: Bài tròng lọc ánh sáng xanh: xin giá | F9: https://business.facebook.com/latest/inbox/facebook?asset_id=190065937527579&thread_type=FB_PAGE_POST&selected_item_id=1314258838441611 | G9: Trung tính | H9: Giá | I9: Có | J9: Có | K9: 1 | L9: Ngày ≈ 02–08/10 ("1 tuần"), có thể ngoài kỳ. Câu mẫu "đã inbox"
A10: =IF(E10="","",ROW()-1) | B10: 46303 | C10: Facebook | D10: Fanpage | E10: Bài tròng lọc ánh sáng xanh: hỏi giá | F10: https://business.facebook.com/latest/inbox/facebook?asset_id=190065937527579&thread_type=FB_PAGE_POST&selected_item_id=1314258838441611 | G10: Trung tính | H10: Giá | I10: Có | J10: Có | K10: 1 | L10: Ngày ≈ 02–08/10, có thể ngoài kỳ. Có 1 phản hồi
A11: =IF(E11="","",ROW()-1) | B11: 46303 | C11: Facebook | D11: Fanpage | E11: Bài tròng lọc ánh sáng xanh: xin giá | F11: https://business.facebook.com/latest/inbox/facebook?asset_id=190065937527579&thread_type=FB_PAGE_POST&selected_item_id=1314258838441611 | G11: Trung tính | H11: Giá | I11: Có | J11: Có | K11: 1 | L11: Ngày ≈ 02–08/10, có thể ngoài kỳ. Có 1 phản hồi
A12: =IF(E12="","",ROW()-1) | B12: 46303 | C12: Facebook | D12: Fanpage | E12: Bài "Ra đường phải nheo mắt": hỏi kính chống lóa đi đêm | F12: https://business.facebook.com/latest/inbox/facebook?asset_id=190065937527579&thread_type=FB_PAGE_POST&selected_item_id=1343448765522618 | G12: Trung tính | H12: Mẫu mã | I12: Có | J12: Có | K12: 1 | L12: Ngày ≈ 02–08/10, có thể ngoài kỳ. Có 1 phản hồi
A13: =IF(E13="","",ROW()-1) | B13: 46303 | C13: Facebook | D13: Fanpage | E13: Bài "Cận 4–5 độ" (30/9): xin giá tròng đổi màu | F13: https://business.facebook.com/latest/inbox/facebook?asset_id=190065937527579&thread_type=FB_PAGE_POST&selected_item_id=1347270231807138 | G13: Trung tính | H13: Giá | I13: Có | J13: Có | K13: 1 | L13: Ngày ≈ 08/10 ("1 tuần"). Câu mẫu "đã inbox"
... A17: =IF(E17="","",ROW()-1) | B17: 46302 | C17: TikTok | D17: Kính mắt COKI | E17: Bài ảnh: deal Tháng của nàng (@kinhmatcoki) | F17: Xem trong báo cáo khảo sát | G17: Trung tính | H17: Khuyến mãi | I17: Không | J17: — | K17: 365 xem, 0 tim, 0 bình luận | L17: Lượt chia sẻ không lấy được
A18: =IF(E18="","",ROW()-1)
A19: =IF(E19="","",ROW()-1)
A20: =IF(E20="","",ROW()-1)
A21: =IF(E21="","",ROW()-1)
A22: =IF(E22="","",ROW()-1)
A23: =IF(E23="","",ROW()-1)
A24: =IF(E24="","",ROW()-1)
A25: =IF(E25="","",ROW()-1)
A26: =IF(E26="","",ROW()-1)
A27: =IF(E27="","",ROW()-1)
A28: =IF(E28="","",ROW()-1)
A29: =IF(E29="","",ROW()-1)
... A500: =IF(E500="","",ROW()-1)

Sheet Tong hop
A1: TỔNG HỢP SOCIAL LISTENING – KÍNH MẮT COKI
A2: Từ ngày | B2: 46300 | C2: ← nhập ngày đầu kỳ
A3: Đến ngày | B3: 46310 | C3: ← nhập ngày cuối kỳ
A4: Chỉ số | B4: Kết quả
A5: Tổng số lượt đề cập | B5: =COUNTIFS('Nhat ky theo doi'!$B$2:$B$500,">="&$B$2,'Nhat ky theo doi'!$B$2:$B$500,"<="&$B$3)
A6: Tích cực | B6: =COUNTIFS('Nhat ky theo doi'!$B$2:$B$500,">="&$B$2,'Nhat ky theo doi'!$B$2:$B$500,"<="&$B$3,'Nhat ky theo doi'!$G$2:$G$500,"Tích cực")
A7: Trung tính | B7: =COUNTIFS('Nhat ky theo doi'!$B$2:$B$500,">="&$B$2,'Nhat ky theo doi'!$B$2:$B$500,"<="&$B$3,'Nhat ky theo doi'!$G$2:$G$500,"Trung tính")
A8: Tiêu cực | B8: =COUNTIFS('Nhat ky theo doi'!$B$2:$B$500,">="&$B$2,'Nhat ky theo doi'!$B$2:$B$500,"<="&$B$3,'Nhat ky theo doi'!$G$2:$G$500,"Tiêu cực")
A9: Tỷ lệ tích cực | B9: =IF($B$5=0,"",B6/B5)
A10: Tỷ lệ trung tính | B10: =IF($B$5=0,"",B7/B5)
A11: Tỷ lệ tiêu cực | B11: =IF($B$5=0,"",B8/B5)
A12: Phản hồi cần xử lý | B12: =COUNTIFS('Nhat ky theo doi'!$B$2:$B$500,">="&$B$2,'Nhat ky theo doi'!$B$2:$B$500,"<="&$B$3,'Nhat ky theo doi'!$I$2:$I$500,"Có")
A13: Phản hồi đã xử lý | B13: =COUNTIFS('Nhat ky theo doi'!$B$2:$B$500,">="&$B$2,'Nhat ky theo doi'!$B$2:$B$500,"<="&$B$3,'Nhat ky theo doi'!$I$2:$I$500,"Có",'Nhat ky theo doi'!$J$2:$J$500,"Có")
A15: Theo kênh
A16: Facebook | B16: =COUNTIFS('Nhat ky theo doi'!$B$2:$B$500,">="&$B$2,'Nhat ky theo doi'!$B$2:$B$500,"<="&$B$3,'Nhat ky theo doi'!$C$2:$C$500,"Facebook")
A17: TikTok | B17: =COUNTIFS('Nhat ky theo doi'!$B$2:$B$500,">="&$B$2,'Nhat ky theo doi'!$B$2:$B$500,"<="&$B$3,'Nhat ky theo doi'!$C$2:$C$500,"TikTok")
A18: Google Maps | B18: =COUNTIFS('Nhat ky theo doi'!$B$2:$B$500,">="&$B$2,'Nhat ky theo doi'!$B$2:$B$500,"<="&$B$3,'Nhat ky theo doi'!$C$2:$C$500,"Google Maps")
A19: Instagram | B19: =COUNTIFS('Nhat ky theo doi'!$B$2:$B$500,">="&$B$2,'Nhat ky theo doi'!$B$2:$B$500,"<="&$B$3,'Nhat ky theo doi'!$C$2:$C$500,"Instagram")
A20: YouTube | B20: =COUNTIFS('Nhat ky theo doi'!$B$2:$B$500,">="&$B$2,'Nhat ky theo doi'!$B$2:$B$500,"<="&$B$3,'Nhat ky theo doi'!$C$2:$C$500,"YouTube")
A21: Shopee | B21: =COUNTIFS('Nhat ky theo doi'!$B$2:$B$500,">="&$B$2,'Nhat ky theo doi'!$B$2:$B$500,"<="&$B$3,'Nhat ky theo doi'!$C$2:$C$500,"Shopee")
A22: Khác | B22: =COUNTIFS('Nhat ky theo doi'!$B$2:$B$500,">="&$B$2,'Nhat ky theo doi'!$B$2:$B$500,"<="&$B$3,'Nhat ky theo doi'!$C$2:$C$500,"Khác")
A25: Theo chủ đề
A26: Giá | B26: =COUNTIFS('Nhat ky theo doi'!$B$2:$B$500,">="&$B$2,'Nhat ky theo doi'!$B$2:$B$500,"<="&$B$3,'Nhat ky theo doi'!$H$2:$H$500,"Giá")
A27: Chất lượng | B27: =COUNTIFS('Nhat ky theo doi'!$B$2:$B$500,">="&$B$2,'Nhat ky theo doi'!$B$2:$B$500,"<="&$B$3,'Nhat ky theo doi'!$H$2:$H$500,"Chất lượng")
A28: Dịch vụ | B28: =COUNTIFS('Nhat ky theo doi'!$B$2:$B$500,">="&$B$2,'Nhat ky theo doi'!$B$2:$B$500,"<="&$B$3,'Nhat ky theo doi'!$H$2:$H$500,"Dịch vụ")
A29: Bảo hành | B29: =COUNTIFS('Nhat ky theo doi'!$B$2:$B$500,">="&$B$2,'Nhat ky theo doi'!$B$2:$B$500,"<="&$B$3,'Nhat ky theo doi'!$H$2:$H$500,"Bảo hành")
A30: Mẫu mã | B30: =COUNTIFS('Nhat ky theo doi'!$B$2:$B$500,">="&$B$2,'Nhat ky theo doi'!$B$2:$B$500,"<="&$B$3,'Nhat ky theo doi'!$H$2:$H$500,"Mẫu mã")
A31: Khuyến mãi | B31: =COUNTIFS('Nhat ky theo doi'!$B$2:$B$500,">="&$B$2,'Nhat ky theo doi'!$B$2:$B$500,"<="&$B$3,'Nhat ky theo doi'!$H$2:$H$500,"Khuyến mãi")
A32: Khác | B32: =COUNTIFS('Nhat ky theo doi'!$B$2:$B$500,">="&$B$2,'Nhat ky theo doi'!$B$2:$B$500,"<="&$B$3,'Nhat ky theo doi'!$H$2:$H$500,"Khác")
A34: Chủ đề nhắc nhiều nhất | B34: =IF(B5=0,"",INDEX(A26:A32,MATCH(MAX(B26:B32),B26:B32,0)))

Sheet Huong dan
A1: HƯỚNG DẪN SỬ DỤNG
A2: 1. Mỗi lượt đề cập về COKI (bài đăng, comment, review, video) ghi thành 1 dòng ở sheet "Nhat ky theo doi".
A3: 2. Tìm theo từ khóa: "Kính mắt COKI", "COKI", tên cửa hàng, sản phẩm (gọng, tròng, đo mắt, bảo hành), chiến dịch (khuyến mãi tháng 10, quà 20/10, video VJ).
A4: 3. Kênh nên rà: Facebook (fanpage, comment, group review kính), TikTok (tìm kiếm + bình luận), Google Maps (đánh giá cửa hàng), Instagram, YouTube, Shopee.
A5: 4. Chọn Cảm xúc, Chủ đề, Kênh từ danh sách thả xuống để bảng tổng hợp tính đúng.
A6: 5. Sang sheet "Tong hop", nhập ngày đầu kỳ và cuối kỳ ở B2, B3: các chỉ số tự tính.
A7: 6. Dán số liệu từ sheet Tong hop vào mục "Kết quả theo dõi" của báo cáo.
A8: Lưu ý: chỉ ghi dữ liệu thật quan sát được, không ước lượng.
